Lease ID,Lease Start Date,Lease End Date,Lease Term (Months),Rent Amount (USD),Payment History (USD),Property ID
2653,2023-07-27,2025-08-21,22,2209,2209,537
2192,2021-12-29,2024-08-25,23,1406,1406,520
2601,2023-08-26,2023-09-23,15,1015,1015,505
2799,2023-01-27,2025-07-23,10,1857,1857,526
2059,2022-06-04,2024-05-20,15,1767,1767,548
2296,2022-11-24,2025-04-26,23,1566,1566,520
2445,2022-06-05,2023-09-22,22,1411,1411,509
2591,2023-04-28,2024-02-15,18,2138,2138,528
2106,2023-02-27,2025-08-22,8,1137,1137,534
2957,2022-12-24,2025-08-26,8,1586,1586,527
2096,2022-04-17,2025-09-17,15,1272,1272,524
2613,2022-01-28,2023-09-29,20,2179,2179,530
2191,2022-09-08,2023-09-24,12,2166,2166,544
2068,2023-04-16,2024-12-26,11,1817,1817,544
2521,2023-08-17,2025-05-18,23,2159,2159,506
2170,2022-08-13,2023-10-23,23,1028,1028,522
2566,2023-08-29,2025-01-25,11,1643,1643,544
2261,2022-03-31,2024-09-01,8,2383,2383,536
2709,2021-11-10,2024-11-14,12,2397,2397,537
2723,2023-06-22,2024-04-21,13,2218,2218,504
2384,2022-06-15,2024-01-09,16,1252,1252,534
2479,2023-03-31,2025-05-19,11,1185,1185,513
2904,2023-06-15,2025-01-16,19,1280,1280,502
2075,2023-02-07,2025-03-13,20,2370,2370,543
2714,2022-12-02,2025-06-18,7,2103,2103,535
2626,2022-07-10,2024-08-27,12,2468,2468,521
2310,2022-12-09,2025-04-10,16,2438,2438,532
2132,2022-11-05,2024-01-07,18,1209,1209,550
2843,2022-04-10,2023-11-14,10,1419,1419,549
2845,2022-01-04,2025-01-03,7,2231,2231,538
2207,2021-10-07,2024-03-16,23,2376,2376,548
2362,2021-12-23,2025-02-18,13,1856,1856,520
2549,2023-04-14,2024-04-07,8,2191,2191,549
2557,2023-05-25,2025-05-14,24,2293,2293,517
2597,2023-08-03,2024-04-24,11,1814,1814,527
2833,2022-03-27,2024-08-07,6,1745,1745,535
2976,2021-09-19,2024-01-09,11,1082,1082,522
2417,2023-07-23,2023-11-11,11,1477,1477,504
2644,2023-06-07,2024-03-17,6,1376,1376,547
2519,2023-01-09,2025-07-09,12,1006,1006,508
2135,2022-09-24,2024-03-14,22,1297,1297,503
2130,2023-08-25,2024-04-02,23,1596,1596,534
2003,2022-04-24,2025-01-25,22,2149,2149,509
2713,2022-12-18,2025-07-06,12,1998,1998,504
2029,2022-08-09,2024-09-23,14,1624,1624,533
2916,2022-04-30,2024-01-11,15,1240,1240,507
2889,2022-04-23,2025-01-22,11,1929,1929,537
2771,2022-11-03,2024-12-15,16,1555,1555,521
2690,2021-11-20,2024-04-16,18,1616,1616,504
2197,2022-11-22,2025-03-21,16,1252,1252,506
2206,2023-03-23,2024-08-09,12,1996,1996,514
2504,2022-11-20,2025-01-30,21,1198,1198,550
2569,2022-04-18,2025-08-31,23,2415,2415,525
2071,2023-04-06,2024-06-19,18,1878,1878,524
2628,2022-01-22,2025-08-02,22,1558,1558,509
2905,2023-03-11,2024-07-16,17,2113,2113,513
2941,2023-07-07,2023-10-31,23,1952,1952,526
2924,2022-08-21,2024-08-05,17,2036,2036,506
2595,2022-02-01,2025-06-23,11,1244,1244,509
2551,2022-12-05,2024-11-17,13,2167,2167,516
2400,2022-08-24,2024-05-05,15,1775,1775,526
2183,2022-07-30,2024-06-23,24,2383,2383,503
2733,2022-09-13,2024-01-10,10,1296,1296,529
2545,2022-10-24,2024-03-24,23,1326,1326,521
2846,2022-10-29,2025-04-17,19,2396,2396,545
2025,2022-05-15,2023-09-22,14,2088,2088,528
2621,2023-01-25,2024-09-29,12,2025,2025,516
2641,2022-09-26,2023-10-21,10,1101,1101,539
2506,2022-03-31,2024-11-17,13,1009,1009,528
2404,2022-05-16,2025-05-13,8,1598,1598,549
2302,2023-08-31,2025-09-17,20,1711,1711,545
2387,2022-09-06,2024-10-12,13,1822,1822,505
2347,2023-05-27,2025-06-05,24,2223,2223,503
2692,2022-04-20,2024-09-24,12,1646,1646,532
2860,2022-06-28,2024-02-18,16,1159,1159,510
2082,2022-01-18,2025-04-16,9,2069,2069,515
2051,2023-03-05,2025-08-10,18,1536,1536,501
2531,2022-04-09,2025-03-24,7,1155,1155,502
2938,2021-12-19,2025-03-05,9,1918,1918,526
2268,2022-08-14,2023-10-09,6,1118,1118,504
2461,2022-09-30,2024-04-13,15,1548,1548,535
2337,2022-05-17,2025-04-21,8,1773,1773,517
2315,2022-02-09,2024-04-14,18,1659,1659,509
2366,2023-02-10,2023-12-15,16,2376,2376,504
2876,2022-01-25,2025-03-27,8,1599,1599,539
2547,2022-06-05,2025-06-23,6,1599,1599,502
2717,2021-12-10,2025-08-20,7,1189,1189,502
2704,2023-08-02,2025-06-11,19,1618,1618,539
2452,2023-06-26,2024-10-04,12,2416,2416,513
2853,2022-06-11,2024-02-06,22,2084,2084,502
2572,2021-10-27,2024-11-29,21,2378,2378,512
2388,2022-10-27,2025-07-31,20,2306,2306,510
2230,2023-09-05,2025-07-07,7,1679,1679,505
2793,2022-06-08,2024-12-26,20,1065,1065,544
2104,2022-12-05,2024-06-03,10,1413,1413,522
2476,2022-09-28,2024-10-18,16,2265,2265,536
2927,2022-02-05,2023-12-14,20,1219,1219,538
2364,2022-05-12,2024-12-06,20,1230,1230,525
2427,2023-08-25,2023-11-14,10,2184,2184,518
2622,2022-11-22,2024-11-22,14,1607,1607,524
2828,2022-05-07,2025-06-21,16,1822,1822,550
2779,2022-03-03,2024-06-14,9,1071,1071,511
2389,2023-03-03,2024-12-31,10,2034,2034,548
2798,2023-07-06,2023-09-22,22,1172,1172,521
2706,2021-12-21,2024-03-10,9,1378,1378,505
2493,2021-10-03,2024-11-28,12,1420,1420,547
2066,2022-02-16,2025-07-28,20,1519,1519,538
2697,2022-06-22,2025-02-01,9,2269,2269,516
2670,2023-01-10,2023-09-22,16,1679,1679,546
2535,2022-04-14,2025-03-28,20,2149,2149,548
2654,2022-04-24,2024-02-16,7,1669,1669,513
2095,2021-12-09,2024-12-19,24,2363,2363,549
2102,2022-06-21,2024-11-06,14,2202,2202,542
2013,2022-02-05,2025-06-11,11,2043,2043,540
2571,2022-05-12,2024-08-07,18,1142,1142,523
2922,2022-04-19,2024-06-09,14,1962,1962,517
2468,2023-03-04,2024-02-12,10,1528,1528,517
2517,2021-12-25,2025-01-02,23,1447,1447,511
2116,2023-01-05,2025-07-15,22,1278,1278,515
2624,2021-11-27,2024-02-08,7,1461,1461,516
2127,2023-08-21,2023-11-14,6,1922,1922,550
2406,2021-11-12,2024-11-30,8,1815,1815,513
2842,2022-11-23,2024-06-27,23,1058,1058,519
2716,2021-12-11,2023-12-19,11,2472,2472,531
2305,2022-09-08,2025-07-20,11,2439,2439,549
2222,2022-01-23,2025-08-15,15,2224,2224,540
2171,2022-09-12,2023-12-26,24,1352,1352,513
2500,2022-11-26,2024-04-30,11,2128,2128,508
2010,2022-01-27,2023-10-23,11,2420,2420,530
2561,2022-02-21,2024-03-16,18,2393,2393,507
2838,2022-10-02,2024-08-15,10,1047,1047,515
2139,2021-11-24,2024-06-11,20,1164,1164,523
2383,2022-09-05,2024-04-29,20,2422,2422,542
2610,2023-03-08,2024-05-08,13,1415,1415,512
2910,2023-05-24,2025-03-21,21,1317,1317,540
2753,2023-02-13,2025-06-18,19,1359,1359,529
2740,2023-02-15,2025-01-23,21,1081,1081,537
2146,2022-08-21,2024-12-27,15,2264,2264,540
2964,2022-05-31,2024-09-26,14,1640,1640,536
2111,2021-12-31,2025-01-02,11,2284,2284,545
2248,2021-10-02,2024-02-05,11,1647,1647,535
2810,2023-01-07,2025-03-26,15,2009,2009,512
2369,2023-07-07,2024-07-29,13,1576,1576,501
2090,2023-01-12,2024-11-27,18,1981,1981,535
2088,2023-01-03,2024-09-10,17,1451,1451,529
2786,2023-01-05,2023-11-23,6,1178,1178,550
2737,2022-07-07,2023-11-29,13,1261,1261,502
2784,2022-06-01,2025-02-14,14,2080,2080,523
2101,2023-09-16,2024-01-29,10,2421,2421,537
2575,2023-08-25,2025-03-03,10,2092,2092,548
2606,2022-08-03,2024-06-14,7,1178,1178,550
2418,2022-07-15,2025-08-27,18,2307,2307,513
2446,2022-02-25,2024-07-24,23,1568,1568,515
2304,2023-04-15,2023-12-29,16,2311,2311,529
2986,2022-07-27,2024-11-30,21,1778,1778,512
2598,2023-05-30,2024-01-13,11,1883,1883,547
2921,2022-09-22,2024-02-11,19,2311,2311,544
2570,2022-04-24,2024-04-09,8,1312,1312,525
2416,2023-01-17,2023-11-04,22,1562,1562,537
2201,2022-10-11,2025-05-05,14,1950,1950,510
2971,2022-04-12,2024-08-06,23,2123,2123,501
2651,2022-06-24,2024-10-28,10,2484,2484,513
2602,2022-05-20,2025-02-11,20,1277,1277,514
2969,2023-05-23,2024-10-29,6,1207,1207,503
2581,2022-04-07,2025-04-08,9,1151,1151,503
2972,2022-05-29,2024-02-28,24,1222,1222,537
2283,2022-07-26,2024-09-17,17,2103,2103,529
2423,2023-03-04,2025-03-25,22,1911,1911,527
2123,2023-05-27,2024-10-27,22,1636,1636,550
2861,2023-08-05,2024-04-15,19,1057,1057,504
2862,2023-06-16,2024-06-13,16,2337,2337,530
2420,2021-10-02,2023-12-30,16,1386,1386,536
2324,2021-10-21,2025-02-27,19,1934,1934,541
2729,2022-09-24,2025-05-09,19,1579,1579,519
2312,2022-02-08,2024-03-13,19,2148,2148,515
2562,2022-08-04,2025-02-05,22,1595,1595,529
2193,2021-10-17,2025-06-08,10,1953,1953,517
2490,2021-10-04,2024-07-22,6,1719,1719,506
2538,2023-06-28,2025-05-08,14,2159,2159,542
2472,2023-05-22,2024-08-30,20,2114,2114,516
2679,2022-03-12,2025-02-08,13,2168,2168,547
2840,2022-02-06,2024-05-28,22,1536,1536,546
2687,2023-03-18,2023-10-31,7,1228,1228,520
2897,2021-12-18,2024-04-18,15,1636,1636,510
2893,2022-01-29,2023-12-03,8,1232,1232,541
2435,2023-01-01,2024-08-31,19,1867,1867,505
2246,2022-11-04,2024-10-13,13,2160,2160,509
2264,2023-08-26,2024-04-30,19,1400,1400,524
2917,2023-03-20,2025-08-26,6,1922,1922,546
2599,2022-09-09,2025-05-26,16,2251,2251,550
2495,2022-06-13,2025-08-12,11,1815,1815,504
2995,2023-06-07,2025-06-13,11,2450,2450,506
2851,2021-11-19,2023-11-26,11,1449,1449,548
2730,2022-03-09,2024-07-12,13,1467,1467,516
2083,2022-06-09,2023-12-12,22,1353,1353,534
2999,2022-05-12,2023-10-20,16,1644,1644,526
2041,2023-05-06,2024-05-19,14,1858,1858,524
2199,2021-11-02,2024-02-03,10,1428,1428,534
2902,2023-07-08,2025-07-24,18,2415,2415,524
2412,2022-12-11,2024-08-24,24,1967,1967,515
2814,2023-08-10,2024-07-15,9,1980,1980,502
2307,2022-07-18,2025-08-11,18,1013,1013,503
2759,2023-02-12,2024-08-09,11,2219,2219,520
2326,2022-08-20,2024-06-04,20,1632,1632,529
2345,2022-07-13,2024-07-08,17,1254,1254,522
2702,2022-09-23,2025-01-19,12,1831,1831,520
2426,2023-04-09,2025-03-30,18,2023,2023,502
2688,2021-10-29,2023-11-09,23,2186,2186,533
2449,2022-10-20,2023-09-26,13,2217,2217,515
2831,2021-11-10,2025-02-09,21,2000,2000,502
2198,2021-11-21,2025-07-16,10,1991,1991,523
2800,2022-12-31,2024-12-01,15,1386,1386,514
2431,2023-08-19,2025-05-02,10,1134,1134,547
2098,2023-05-22,2024-10-16,17,1282,1282,512
2507,2023-06-05,2024-06-25,20,2298,2298,508
2988,2022-05-07,2023-10-17,6,1252,1252,527
2039,2022-12-01,2025-02-23,14,2229,2229,509
2271,2023-06-08,2024-05-22,20,1696,1696,529
2663,2022-10-22,2024-04-27,7,2451,2451,510
2524,2022-07-06,2024-11-01,19,1059,1059,532
2125,2023-06-25,2025-04-20,8,1049,1049,544
2832,2021-10-16,2024-04-15,20,1650,1650,550
2835,2021-09-30,2023-09-29,16,1278,1278,513
2086,2023-03-04,2025-03-17,12,2058,2058,543
2341,2023-04-18,2024-06-04,9,1831,1831,549
2269,2021-10-27,2024-12-09,13,2278,2278,530
2974,2022-12-09,2025-08-15,15,1669,1669,520
2870,2022-01-13,2025-01-10,16,1129,1129,528
2582,2021-09-28,2025-06-21,7,1336,1336,509
2809,2022-05-02,2024-01-08,21,1267,1267,512
2028,2022-11-01,2025-05-21,8,1991,1991,537
2009,2022-07-07,2025-02-27,10,2340,2340,521
2211,2022-11-19,2024-09-12,21,1326,1326,548
2131,2022-02-03,2025-02-09,17,1018,1018,545
2470,2021-12-09,2025-07-21,21,1419,1419,505
2666,2023-09-10,2024-03-15,14,1785,1785,548
2578,2023-08-28,2024-02-03,14,1220,1220,544
2226,2022-03-24,2024-03-13,8,1991,1991,523
2011,2022-11-28,2024-05-17,13,1258,1258,516
2639,2023-04-07,2023-10-26,11,1287,1287,508
2605,2022-09-17,2025-06-18,12,1292,1292,522
2954,2022-10-26,2024-09-21,23,1696,1696,521
2677,2022-02-27,2025-02-10,11,1647,1647,515
2044,2022-05-09,2025-02-22,12,2222,2222,541
2859,2021-10-18,2024-04-25,21,1973,1973,521
2239,2023-08-01,2024-08-21,8,1085,1085,523
2734,2022-08-23,2024-04-17,24,1317,1317,548
2501,2021-10-13,2025-02-15,16,2342,2342,512
2263,2022-01-11,2024-05-07,11,1234,1234,509
2888,2022-10-30,2025-01-27,9,2393,2393,532
2186,2023-07-08,2024-07-01,18,1649,1649,513
2815,2023-09-01,2024-04-18,9,2413,2413,535
2758,2023-03-01,2024-05-07,20,2161,2161,519
2422,2022-04-18,2025-05-21,11,1611,1611,513
2534,2021-11-07,2025-04-17,23,1912,1912,511
2919,2021-12-18,2025-06-21,9,1540,1540,523
2747,2021-10-04,2025-06-09,16,2026,2026,545
2611,2022-04-28,2023-10-17,13,2043,2043,506
2321,2022-12-15,2024-10-24,18,1160,1160,539
2015,2023-05-19,2024-08-23,22,1780,1780,510
2879,2022-04-23,2025-07-28,21,1494,1494,516
2160,2022-10-22,2024-03-01,13,2183,2183,530
2915,2022-09-07,2024-05-21,24,1311,1311,537
2643,2021-10-19,2024-01-23,22,1813,1813,513
2481,2022-08-01,2024-04-01,23,1893,1893,517
2441,2023-06-03,2025-08-17,14,2237,2237,538
2765,2022-01-30,2025-05-11,10,2248,2248,514
2018,2022-03-16,2025-07-22,16,1980,1980,537
2457,2023-07-02,2023-12-28,7,2009,2009,513
2180,2021-10-20,2023-12-30,17,1647,1647,507
2267,2021-12-04,2025-02-05,10,1330,1330,522
2767,2021-11-02,2024-03-18,6,1590,1590,505
2216,2022-07-24,2024-04-26,15,1397,1397,545
2483,2021-10-13,2023-11-03,14,1752,1752,529
2091,2023-04-27,2023-10-12,7,2461,2461,514
2811,2022-08-04,2025-08-08,20,1682,1682,526
2355,2022-11-24,2023-12-10,12,1025,1025,545
2565,2023-04-06,2024-06-27,18,1679,1679,515
2144,2021-12-03,2024-05-07,17,1435,1435,543
2727,2022-08-03,2024-04-03,8,1211,1211,546
2136,2021-12-28,2023-09-25,9,1955,1955,531
2928,2023-05-13,2024-08-25,13,1996,1996,520
2665,2023-08-21,2024-05-20,12,1663,1663,547
2093,2023-09-04,2024-06-19,10,2357,2357,529
2780,2023-09-10,2025-07-28,11,1363,1363,516
2806,2022-04-23,2023-10-24,15,2354,2354,509
2760,2021-10-02,2025-09-10,15,1331,1331,523
2671,2023-02-09,2024-12-26,6,2040,2040,537
2920,2023-04-30,2024-08-14,16,1810,1810,529
2619,2023-01-06,2025-04-11,12,1768,1768,544
2444,2023-08-12,2024-03-10,20,1106,1106,516
2774,2023-08-26,2024-06-25,13,2303,2303,518
2874,2023-03-07,2024-03-03,8,1967,1967,549
2528,2022-08-05,2025-06-07,24,2180,2180,514
2024,2021-11-06,2023-11-15,14,1849,1849,533
2223,2021-09-29,2025-06-16,17,2355,2355,524
2854,2022-12-14,2024-07-04,20,1010,1010,545
2993,2022-10-15,2025-07-25,11,2069,2069,506
2618,2022-08-15,2024-12-09,19,2296,2296,531
2757,2022-12-04,2024-03-04,8,1342,1342,535
2559,2022-04-18,2024-04-14,7,2397,2397,532
2821,2023-02-04,2023-12-19,13,2299,2299,540
2214,2022-08-15,2025-03-20,15,2258,2258,502
2177,2022-08-23,2024-09-15,12,2078,2078,523
2700,2022-11-12,2025-08-04,11,1772,1772,508
2906,2022-04-24,2024-02-08,10,1084,1084,505
2609,2021-10-30,2024-10-30,16,1021,1021,543
2297,2022-08-11,2025-09-02,9,1264,1264,543
2411,2023-03-19,2023-10-07,19,2343,2343,535
2254,2022-12-13,2025-06-26,14,2442,2442,536
2316,2022-08-26,2024-12-03,17,1085,1085,531
2841,2022-01-22,2024-02-12,24,1136,1136,502
2901,2022-10-11,2024-04-12,16,2119,2119,514
2496,2022-11-17,2024-06-05,12,1406,1406,534
2655,2021-10-16,2024-06-17,6,1278,1278,528
2634,2022-12-24,2024-11-01,24,1173,1173,538
2817,2022-03-08,2025-03-14,16,1331,1331,517
2912,2022-01-26,2024-10-19,6,1722,1722,523
2128,2022-06-27,2025-05-05,23,2033,2033,538
2614,2021-11-14,2025-07-14,9,1148,1148,510
2309,2022-07-05,2025-04-10,22,1404,1404,529
2120,2021-11-28,2025-08-15,10,1274,1274,525
2464,2022-04-07,2024-12-25,10,1120,1120,508
2133,2021-12-06,2025-01-31,23,1841,1841,516
2342,2023-02-09,2025-04-01,12,1224,1224,527
2242,2021-09-18,2024-02-07,16,1049,1049,533
2636,2022-05-23,2025-06-08,18,1992,1992,548
2548,2022-03-06,2024-10-16,20,2147,2147,537
2797,2023-07-25,2024-06-25,21,2088,2088,511
2163,2022-11-25,2025-04-01,6,2426,2426,540
2129,2023-06-21,2025-07-06,16,2032,2032,532
2455,2023-04-30,2025-02-23,14,1727,1727,523
2443,2023-04-14,2025-04-09,14,1406,1406,529
2280,2023-02-01,2024-12-17,15,2453,2453,517
2487,2022-10-07,2024-03-28,12,2241,2241,517
2662,2022-06-03,2024-05-17,19,2080,2080,547
2275,2023-07-30,2023-11-17,22,1114,1114,515
2471,2023-05-13,2025-06-02,15,1974,1974,534
2334,2022-11-16,2024-06-09,21,2334,2334,545
2331,2023-06-01,2025-01-28,12,1856,1856,525
2645,2022-08-19,2025-06-19,22,1814,1814,511
2050,2023-02-07,2024-07-02,9,2231,2231,548
2155,2022-06-19,2024-07-25,14,2084,2084,503
2775,2022-12-16,2023-09-20,17,2476,2476,507
2802,2023-08-22,2025-01-22,20,2032,2032,541
2684,2022-05-30,2023-11-13,22,2313,2313,518
2113,2022-09-20,2025-01-11,14,1186,1186,526
2027,2023-01-04,2025-04-24,14,1362,1362,546
2881,2023-09-17,2024-02-19,19,1253,1253,532
2061,2023-08-09,2025-04-15,15,1169,1169,513
2403,2023-01-11,2024-10-01,11,1594,1594,529
2701,2022-11-02,2025-04-12,15,2132,2132,512
2691,2022-07-06,2025-02-05,9,1057,1057,537
2567,2022-01-03,2025-04-06,7,2191,2191,533
2485,2023-04-17,2024-12-02,19,2116,2116,513
2498,2021-12-08,2025-07-08,7,1563,1563,546
2293,2022-02-09,2024-11-10,11,1975,1975,548
2107,2022-11-18,2024-01-19,9,2335,2335,504
2785,2022-05-31,2024-08-01,16,1481,1481,545
2172,2023-07-02,2025-06-23,14,1104,1104,509
2153,2022-05-05,2025-06-01,17,1885,1885,502
2721,2021-12-30,2024-03-14,17,1633,1633,543
2202,2022-12-02,2024-10-13,17,1026,1026,546
2829,2022-10-25,2025-04-09,24,2165,2165,534
2220,2023-05-19,2023-09-25,7,1502,1502,526
2234,2022-10-04,2025-04-17,18,2047,2047,548
2763,2023-08-19,2024-08-09,12,2092,2092,548
2060,2022-03-18,2024-08-11,23,1741,1741,510
2373,2023-07-17,2023-11-28,8,1912,1912,518
2167,2022-05-17,2024-10-15,15,2470,2470,518
2429,2023-02-24,2024-04-16,18,2138,2138,522
2497,2023-07-01,2024-12-10,11,1028,1028,517
2121,2023-02-20,2024-08-09,18,1957,1957,546
2134,2023-06-17,2024-12-22,21,1752,1752,510
2949,2022-08-13,2024-06-18,18,2103,2103,526
2766,2023-03-05,2025-07-15,18,1721,1721,511
2385,2022-06-16,2025-05-08,23,1818,1818,527
2708,2022-10-08,2023-12-12,24,1575,1575,522
2650,2023-04-18,2023-09-19,14,1825,1825,528
2035,2022-10-12,2024-09-08,18,1338,1338,511
2703,2022-11-15,2025-07-04,18,1839,1839,514
2615,2023-04-08,2023-12-13,13,2129,2129,513
2079,2023-05-21,2024-09-23,23,1776,1776,550
2899,2023-03-17,2024-05-31,17,1328,1328,512
2338,2022-08-24,2024-01-20,20,2409,2409,504
2361,2022-01-25,2025-01-15,10,1905,1905,541
2092,2022-10-05,2024-11-30,6,2338,2338,519
2057,2022-08-06,2024-07-06,15,1570,1570,534
2627,2022-08-24,2024-02-01,6,1934,1934,527
2466,2023-04-04,2024-01-20,17,2477,2477,509
2181,2022-01-26,2024-04-28,14,1711,1711,502
2317,2022-03-09,2024-08-07,24,2336,2336,513
2642,2023-05-22,2024-07-13,20,1544,1544,550
2867,2021-12-26,2024-07-13,10,2333,2333,517
2732,2023-08-25,2024-04-12,22,1024,1024,537
2675,2022-10-18,2023-10-18,7,1489,1489,513
2564,2023-06-01,2025-02-12,8,1442,1442,531
2715,2022-12-02,2024-06-11,21,1309,1309,529
2371,2023-01-15,2025-01-15,24,2460,2460,515
2942,2023-07-13,2024-02-28,24,2011,2011,530
2117,2022-07-13,2024-09-24,13,1612,1612,522
2358,2022-04-03,2024-05-10,19,2204,2204,543
2630,2022-10-21,2024-07-27,15,2481,2481,532
2668,2021-10-11,2025-03-18,15,1737,1737,523
2951,2022-12-01,2025-06-12,20,2333,2333,507
2023,2023-07-01,2025-03-29,9,1474,1474,522
2773,2022-07-13,2025-06-13,7,1947,1947,532
2340,2022-08-31,2025-04-23,15,2106,2106,543
2352,2022-06-10,2025-03-04,16,1081,1081,543
2865,2022-07-13,2024-10-20,11,2495,2495,516
2019,2022-09-02,2025-07-28,19,2349,2349,509
2288,2022-07-12,2025-09-10,21,1999,1999,542
2097,2023-08-11,2024-05-21,14,2022,2022,540
2210,2021-09-30,2024-08-12,23,2107,2107,544
2122,2022-01-17,2024-04-03,18,1947,1947,524
2335,2022-12-10,2023-11-13,15,2461,2461,521
2772,2023-03-31,2024-11-15,23,1840,1840,516
2159,2022-02-06,2024-08-02,16,2205,2205,502
2661,2023-03-09,2024-12-16,15,2410,2410,516
2512,2021-11-06,2024-01-22,23,1203,1203,501
2560,2022-09-20,2024-03-22,13,1231,1231,516
2055,2023-08-25,2024-05-18,15,1430,1430,526
2882,2022-03-25,2024-11-06,17,1153,1153,538
2864,2023-09-10,2023-11-08,13,1757,1757,540
2000,2022-11-06,2025-05-26,12,1159,1159,507
2967,2022-04-28,2024-06-07,18,2035,2035,520
2372,2022-11-05,2025-07-23,12,1328,1328,550
2459,2022-10-12,2024-12-22,23,2076,2076,541
2069,2023-03-06,2025-06-24,24,1306,1306,547
2174,2022-04-26,2023-12-06,22,1799,1799,524
2931,2021-12-26,2025-07-10,18,1965,1965,512
2824,2022-11-08,2024-05-17,14,2109,2109,541
2184,2023-04-05,2024-05-30,15,1474,1474,505
2292,2022-04-03,2025-01-09,17,2462,2462,540
2911,2021-12-30,2023-12-17,16,1783,1783,523
2277,2021-11-23,2025-09-09,9,1188,1188,502
2720,2023-08-12,2025-04-08,24,2129,2129,523
2322,2022-09-29,2024-05-30,21,1272,1272,513
2247,2023-06-02,2025-03-27,19,1932,1932,505
2414,2021-11-10,2025-05-29,24,2451,2451,529
2200,2023-08-11,2024-02-21,12,2405,2405,550
2913,2023-03-26,2025-04-25,6,2494,2494,533
2965,2023-01-06,2024-01-12,11,2247,2247,550
2820,2022-06-07,2024-06-07,24,1432,1432,520
2480,2023-08-10,2025-08-22,24,1521,1521,526
2755,2022-12-13,2024-10-14,20,1988,1988,536
2409,2022-05-23,2024-01-19,10,1865,1865,533
2736,2022-05-07,2024-09-24,21,1375,1375,525
2303,2022-10-10,2024-03-23,14,1906,1906,513
2754,2022-03-25,2024-03-30,18,1788,1788,508
2764,2022-05-02,2023-10-28,11,1445,1445,526
2518,2022-04-21,2025-02-19,22,1396,1396,540
2126,2023-06-02,2024-06-22,16,2231,2231,512
2048,2022-01-09,2023-12-15,9,1606,1606,516
2963,2022-05-10,2025-08-17,15,1137,1137,506
2739,2023-05-29,2025-06-20,22,1956,1956,540
2017,2023-02-22,2024-12-23,24,1961,1961,543
2926,2022-05-29,2023-10-03,24,2211,2211,507
2947,2022-07-15,2024-03-16,13,2115,2115,504
2872,2022-11-16,2024-02-07,10,2475,2475,534
2161,2022-06-05,2025-01-19,20,2486,2486,516
2379,2021-12-30,2025-01-17,9,2390,2390,550
2290,2023-08-18,2025-08-23,16,1724,1724,507
2257,2023-02-27,2025-03-02,13,1061,1061,513
2863,2023-04-04,2025-02-15,12,1877,1877,539
2542,2023-02-08,2024-08-03,8,1894,1894,519
2482,2023-08-19,2023-12-25,21,2330,2330,542
2145,2023-02-27,2024-05-27,11,2314,2314,521
2903,2022-11-29,2025-02-01,7,1624,1624,535
2030,2022-04-21,2024-04-04,16,1004,1004,513
2705,2022-02-08,2024-12-02,14,2198,2198,537
2078,2022-10-31,2024-02-07,23,1506,1506,544
2252,2021-11-22,2024-05-24,15,2365,2365,549
2503,2023-02-06,2025-08-19,14,1426,1426,544
2683,2023-08-26,2025-02-10,24,2441,2441,508
2816,2022-04-09,2024-11-04,6,2107,2107,541
2777,2022-10-08,2024-02-07,12,2219,2219,547
2869,2023-06-24,2023-11-25,12,1246,1246,549
2119,2022-07-13,2025-07-29,18,1188,1188,525
2929,2022-06-30,2024-06-26,15,1053,1053,513
2585,2023-04-30,2023-10-21,16,1459,1459,548
2056,2023-07-16,2024-06-28,9,1612,1612,550
2407,2022-01-11,2024-05-14,8,1089,1089,519
2812,2023-05-30,2024-12-01,14,1557,1557,504
2991,2022-10-17,2025-09-03,8,1019,1019,523
2306,2022-07-14,2025-06-20,17,2156,2156,516
2465,2023-07-02,2025-09-04,11,1373,1373,549
2883,2023-04-25,2024-09-21,19,1921,1921,526
2231,2022-10-06,2023-12-20,21,1232,1232,520
2514,2022-03-10,2024-11-24,13,2135,2135,509
2887,2022-11-12,2025-07-17,20,1364,1364,526
2875,2023-04-14,2025-07-12,10,1318,1318,545
2215,2021-11-10,2024-02-09,6,1469,1469,529
2484,2023-03-24,2024-03-14,20,2049,2049,517
2707,2022-10-23,2023-09-28,9,1455,1455,524
2550,2022-08-20,2024-05-02,16,1479,1479,525
2616,2023-09-08,2024-08-24,14,1994,1994,503
2282,2022-01-11,2024-10-24,11,1359,1359,546
2794,2022-06-16,2025-09-07,12,1270,1270,548
2523,2023-01-03,2025-06-05,9,1530,1530,511
2588,2022-08-26,2024-03-24,7,1833,1833,523
2228,2022-12-05,2024-10-02,19,1996,1996,541
2648,2022-08-22,2024-02-02,21,2311,2311,539
2046,2023-04-26,2025-06-22,9,2159,2159,547
2063,2023-02-23,2025-03-30,7,1264,1264,531
2047,2023-09-17,2024-01-08,21,2177,2177,528
2584,2023-06-04,2024-03-25,18,1650,1650,502
2783,2022-05-10,2024-03-27,13,1494,1494,510
2680,2022-11-01,2024-06-02,12,1457,1457,504
2152,2022-06-06,2024-05-20,9,1179,1179,518
2140,2022-11-25,2024-11-15,22,1760,1760,521
2381,2023-04-17,2025-08-14,9,1102,1102,537
2541,2023-07-30,2023-11-23,19,2041,2041,541
2992,2023-01-04,2025-08-17,18,1685,1685,526
2402,2022-08-09,2024-04-30,16,1590,1590,529
2225,2023-04-08,2024-01-02,20,1259,1259,542
2997,2021-10-08,2025-04-30,24,1737,1737,522
2166,2023-09-08,2025-03-11,7,2333,2333,542
2262,2021-12-20,2024-10-31,23,1621,1621,528
2469,2022-01-10,2023-11-09,13,1891,1891,533
2209,2023-05-28,2025-04-30,7,2262,2262,513
2934,2023-05-24,2025-04-13,22,2361,2361,518
2752,2022-09-20,2025-08-22,16,2273,2273,536
2437,2022-06-15,2024-12-02,14,2485,2485,513
2807,2023-01-13,2025-07-30,16,1025,1025,547
2374,2022-11-18,2025-07-20,20,1053,1053,502
2109,2023-07-18,2025-07-12,6,2308,2308,530
2276,2022-07-04,2025-01-25,10,1713,1713,510
2858,2022-03-19,2024-12-17,19,1686,1686,545
2154,2021-12-27,2025-07-12,22,1844,1844,541
2822,2022-06-30,2025-06-28,22,2472,2472,549
2237,2022-02-15,2025-06-14,23,1155,1155,539
2787,2021-12-13,2024-11-19,20,2261,2261,540
2909,2022-03-23,2024-01-12,20,2058,2058,528
2265,2022-10-31,2023-11-02,11,2117,2117,537
2649,2022-03-26,2025-09-10,15,1317,1317,545
2421,2022-02-05,2025-06-13,7,2196,2196,516
2380,2023-03-15,2024-09-11,19,2343,2343,531
2552,2021-10-08,2024-05-20,10,1024,1024,519
2151,2023-01-15,2025-04-18,15,2110,2110,523
2818,2022-02-05,2024-10-02,22,1500,1500,522
2722,2023-01-22,2024-12-18,21,2383,2383,549
2351,2023-08-27,2024-03-25,12,1338,1338,537
2278,2021-12-21,2024-02-26,20,2165,2165,505
2577,2022-05-06,2023-09-22,9,2308,2308,531
2525,2023-02-07,2025-08-31,14,2267,2267,519
2660,2022-05-25,2024-04-15,12,1947,1947,546
2453,2022-12-21,2024-09-05,24,1187,1187,513
2826,2023-06-08,2023-11-09,24,1925,1925,545
2251,2022-03-25,2025-07-01,23,2323,2323,504
2319,2022-07-04,2024-02-11,16,1942,1942,522
2695,2023-01-10,2023-12-23,16,1234,1234,503
2396,2022-08-16,2025-04-16,14,1926,1926,506
2629,2021-12-11,2024-06-14,17,1996,1996,525
2735,2022-07-07,2023-11-04,8,1591,1591,517
2408,2022-06-19,2025-09-12,19,1324,1324,505
2405,2021-11-29,2025-01-26,24,1665,1665,529
2238,2022-01-10,2024-09-09,11,1672,1672,544
2742,2022-10-13,2024-01-31,10,1147,1147,528
2266,2022-04-08,2025-01-11,18,1650,1650,521
2087,2022-01-11,2025-02-08,19,2303,2303,510
2033,2023-08-08,2024-01-18,11,1624,1624,524
2386,2022-12-19,2025-02-22,20,1961,1961,512
2769,2022-04-28,2024-01-06,20,1605,1605,505
2768,2022-06-29,2024-01-28,24,1865,1865,510
2907,2023-05-09,2023-12-02,18,1752,1752,549
2943,2022-07-28,2024-02-29,9,1686,1686,546
2568,2023-07-25,2025-05-09,22,1433,1433,508
2291,2022-12-23,2024-07-21,12,2048,2048,538
2590,2022-11-23,2025-08-28,8,1863,1863,541
2918,2023-01-04,2024-08-31,21,2423,2423,536
2328,2022-07-15,2025-05-20,9,1956,1956,524
2583,2022-03-03,2024-05-08,14,1556,1556,524
2486,2022-02-04,2023-12-29,7,1015,1015,512
2212,2021-11-16,2024-10-09,24,1851,1851,511
2162,2023-02-08,2024-01-28,20,1043,1043,533
2494,2022-11-03,2024-01-26,22,2246,2246,506
2456,2022-05-05,2024-01-04,6,2229,2229,535
2077,2021-12-18,2025-09-03,12,1454,1454,521
2318,2022-09-24,2024-09-15,18,1551,1551,512
2502,2023-09-01,2025-06-23,15,2341,2341,505
2573,2023-09-13,2024-12-09,11,1426,1426,534
2224,2023-08-28,2024-10-08,23,1304,1304,544
2099,2023-04-30,2025-05-23,15,1324,1324,529
2673,2022-06-07,2025-07-15,24,1614,1614,510
2827,2021-11-17,2025-08-19,10,1032,1032,510
2556,2022-12-05,2024-01-22,17,1968,1968,539
2558,2023-03-30,2024-03-19,6,2005,2005,520
2004,2022-04-30,2025-08-30,20,1714,1714,516
2978,2023-03-10,2024-11-17,9,1121,1121,538
2424,2023-03-30,2025-08-19,8,1871,1871,548
2430,2023-01-20,2024-06-03,20,1380,1380,503
2064,2022-03-22,2024-11-15,22,1966,1966,547
2694,2021-11-09,2024-02-05,18,2299,2299,501
2284,2023-08-20,2023-12-21,9,2346,2346,514
2848,2023-07-03,2024-12-17,16,2067,2067,503
2241,2023-05-31,2025-09-14,23,1613,1613,543
2839,2022-03-26,2024-10-04,21,1321,1321,515
2467,2023-03-11,2023-12-16,6,2253,2253,536
2744,2023-04-16,2024-11-12,20,1726,1726,517
2603,2023-08-16,2025-01-18,16,1432,1432,507
2040,2023-07-11,2024-04-06,24,2323,2323,546
2016,2021-10-15,2024-11-19,16,1228,1228,509
2994,2023-01-11,2023-12-20,14,1833,1833,532
2658,2023-01-19,2024-09-02,15,1219,1219,508
2164,2023-01-22,2025-06-30,13,1165,1165,544
2946,2022-10-07,2025-04-01,19,2304,2304,515
2300,2023-01-02,2025-07-18,8,1420,1420,549
2632,2023-04-13,2024-10-18,20,2264,2264,501
2914,2022-07-23,2025-02-06,10,1801,1801,503
2299,2023-02-01,2024-02-29,8,1565,1565,525
2844,2022-09-02,2025-07-19,13,2210,2210,505
2896,2023-06-06,2024-01-15,12,1134,1134,529
2745,2022-07-21,2025-04-18,21,1753,1753,514
2885,2022-12-08,2025-04-01,17,2205,2205,548
2750,2023-07-23,2023-11-05,23,2417,2417,540
2042,2023-09-11,2024-12-31,8,1480,1480,543
2052,2022-07-18,2025-06-19,14,1547,1547,546
2442,2021-12-28,2025-05-08,19,2076,2076,539
2955,2022-10-21,2025-04-02,9,2381,2381,517
2245,2023-08-20,2024-10-18,18,1034,1034,544
2537,2023-04-09,2025-06-06,15,1486,1486,507
2580,2022-08-13,2024-02-23,14,2316,2316,526
2085,2022-06-03,2023-10-17,12,1434,1434,526
2847,2022-04-06,2025-08-30,15,1159,1159,532
2689,2023-08-27,2024-11-24,12,1687,1687,527
2168,2022-11-28,2024-10-22,23,1501,1501,520
2505,2021-11-11,2025-01-03,22,2111,2111,540
2553,2022-11-29,2025-05-28,9,2180,2180,549
2349,2022-11-27,2024-11-23,23,1892,1892,544
2529,2023-08-31,2024-03-28,22,1860,1860,543
2182,2023-05-16,2025-08-19,19,2080,2080,526
2227,2022-01-02,2024-12-02,16,1625,1625,535
2253,2022-05-19,2024-01-22,8,1519,1519,501
2217,2022-12-11,2023-10-11,16,1530,1530,546
2515,2021-11-22,2025-03-08,18,1338,1338,526
2045,2022-07-12,2024-11-22,14,1017,1017,533
2115,2022-05-03,2024-10-16,24,1760,1760,545
2195,2022-07-21,2024-08-18,11,2144,2144,529
2508,2022-05-28,2023-11-17,13,1149,1149,535
2492,2023-04-01,2024-10-28,11,1213,1213,521
2392,2021-11-16,2024-09-18,10,1958,1958,520
2451,2022-03-09,2024-05-22,14,1626,1626,540
2925,2023-08-05,2024-08-24,10,2491,2491,536
2510,2022-03-10,2024-02-24,24,1161,1161,541
2065,2022-10-20,2024-08-25,6,1143,1143,531
2410,2021-12-02,2025-07-01,22,1701,1701,529
2458,2023-02-03,2025-03-12,9,2377,2377,508
2637,2021-11-02,2025-03-10,21,1217,1217,531
2795,2023-09-02,2024-09-08,10,1114,1114,506
2376,2023-07-12,2025-01-08,22,1640,1640,528
2084,2022-07-21,2024-08-30,23,2341,2341,521
2980,2022-10-30,2025-09-10,22,1461,1461,526
2249,2021-11-02,2023-10-08,15,2423,2423,543
2652,2022-04-26,2024-03-14,14,1531,1531,526
2945,2023-06-18,2025-08-06,22,2272,2272,532
2425,2023-04-01,2024-06-12,7,1400,1400,537
2022,2023-03-13,2025-05-05,7,1608,1608,530
2438,2021-10-06,2025-08-28,17,2159,2159,540
2803,2021-12-13,2023-11-12,12,2464,2464,508
2678,2021-11-02,2024-01-02,8,1836,1836,523
2939,2023-02-03,2025-08-17,12,1119,1119,545
2604,2022-09-27,2024-08-26,8,1894,1894,532
2032,2021-10-04,2024-07-05,15,1960,1960,541
2149,2022-08-17,2024-02-24,16,2229,2229,519
2923,2021-12-09,2024-09-28,8,1194,1194,540
2781,2021-11-27,2025-05-17,20,1057,1057,506
2478,2023-05-21,2024-05-08,21,2163,2163,516
2073,2022-04-18,2023-11-10,22,1029,1029,515
2998,2022-04-03,2024-10-27,8,1203,1203,543
2204,2021-10-26,2025-02-18,7,1344,1344,507
2094,2022-12-27,2024-08-11,15,1653,1653,508
2368,2022-04-09,2024-06-09,22,1498,1498,519
2968,2022-06-11,2024-06-30,20,1302,1302,518
2439,2021-11-18,2023-12-20,15,1910,1910,543
2620,2023-06-22,2024-04-06,13,1463,1463,533
2960,2023-06-21,2025-03-14,14,1963,1963,546
2089,2023-08-29,2024-01-13,15,2313,2313,526
2080,2021-11-22,2024-03-21,19,2401,2401,536
2546,2022-11-22,2024-10-30,23,2090,2090,550
2049,2022-03-11,2025-06-26,22,2051,2051,523
2996,2022-01-24,2025-03-08,10,1731,1731,529
2124,2023-01-31,2024-02-18,13,1209,1209,533
2587,2022-11-17,2024-06-12,19,2219,2219,547
2260,2022-05-16,2024-10-23,20,1242,1242,548
2491,2022-05-19,2023-10-22,17,1996,1996,533
2203,2021-09-24,2025-05-05,22,1487,1487,518
2114,2022-07-30,2024-05-26,23,1118,1118,540
2725,2022-01-10,2023-12-17,8,1364,1364,518
2460,2021-10-28,2025-09-07,23,1599,1599,503
2112,2022-03-15,2025-07-10,19,1599,1599,512
2801,2021-11-16,2024-08-04,19,1174,1174,538
2959,2022-09-23,2025-05-12,8,1474,1474,544
2977,2023-05-07,2024-04-30,10,1196,1196,538
2792,2023-06-04,2025-04-01,9,1538,1538,542
2539,2023-01-25,2024-01-12,13,1250,1250,516
2532,2022-09-05,2024-01-21,13,2488,2488,550
2520,2022-11-05,2025-01-10,11,2163,2163,526
2770,2021-10-05,2025-06-08,21,1173,1173,538
2020,2022-06-16,2025-01-22,24,1894,1894,526
2530,2022-01-07,2025-07-22,9,1388,1388,501
2544,2023-09-03,2024-12-11,22,1722,1722,501
2360,2022-06-29,2025-02-17,18,1095,1095,547
2147,2023-03-29,2023-09-27,14,2400,2400,517
2589,2022-06-25,2024-09-29,15,1950,1950,532
2313,2022-04-27,2025-05-05,22,1225,1225,538
2657,2022-09-02,2024-08-09,10,1381,1381,523
2718,2022-12-07,2024-03-11,12,2273,2273,522
2474,2021-12-30,2024-02-16,10,1698,1698,523
2235,2023-05-27,2024-12-31,21,1148,1148,519
2118,2022-03-11,2024-04-15,17,1046,1046,532
2686,2022-04-10,2023-12-05,24,2163,2163,529
2979,2022-03-26,2025-05-29,19,1444,1444,536
2857,2023-07-26,2025-06-12,10,1742,1742,539
2983,2022-04-03,2023-10-14,11,1807,1807,515
2891,2023-08-31,2023-12-02,23,1636,1636,510
2672,2023-07-30,2024-04-21,12,1411,1411,508
2354,2023-01-26,2024-10-08,15,2229,2229,542
2633,2023-03-14,2025-05-19,21,1311,1311,515
2849,2023-02-25,2024-05-31,24,1891,1891,550
2377,2021-11-23,2025-09-10,20,2466,2466,543
2961,2022-01-28,2025-01-09,7,2226,2226,508
2586,2023-02-12,2023-11-09,12,1614,1614,533
2365,2023-06-20,2025-01-01,23,1134,1134,540
2142,2022-05-02,2025-04-28,15,1884,1884,544
2958,2022-02-16,2025-05-06,21,1383,1383,517
2880,2022-03-08,2025-02-14,14,1147,1147,534
2513,2022-06-18,2024-07-13,20,1984,1984,539
2981,2022-10-08,2025-08-07,13,1587,1587,529
2346,2023-04-12,2024-08-27,12,1658,1658,540
2892,2022-01-06,2024-02-01,15,1159,1159,525
2026,2023-07-09,2025-05-25,16,1429,1429,513
2462,2021-12-03,2023-11-12,12,2390,2390,508
2526,2023-04-27,2024-06-30,20,2472,2472,513
2356,2023-06-14,2024-02-02,19,2466,2466,517
2696,2022-11-10,2024-04-08,7,1905,1905,544
2314,2023-04-11,2025-01-12,10,1387,1387,517
2699,2022-10-22,2024-02-23,8,2291,2291,545
2081,2023-06-01,2025-09-14,18,2421,2421,505
2475,2021-12-08,2024-03-01,21,1402,1402,540
2866,2021-10-28,2024-01-15,24,1273,1273,525
2823,2021-12-19,2024-09-07,22,2404,2404,510
2937,2023-03-18,2024-05-21,8,1270,1270,526
2852,2021-11-12,2024-05-17,23,1896,1896,537
2440,2023-09-10,2025-05-30,24,2292,2292,518
2746,2023-03-18,2025-02-17,24,2090,2090,538
2370,2023-03-03,2025-08-15,19,2152,2152,522
2157,2022-09-06,2025-02-12,8,2468,2468,507
2536,2023-03-08,2025-05-04,9,2359,2359,510
2021,2022-11-26,2025-08-08,16,1164,1164,535
2516,2022-08-23,2023-12-22,18,1522,1522,533
2390,2023-07-25,2025-01-21,15,1389,1389,508
2311,2021-12-31,2025-08-04,24,2425,2425,510
2477,2022-12-16,2024-08-03,6,1945,1945,530
2594,2023-03-03,2023-12-20,9,1714,1714,510
2711,2022-12-04,2023-11-12,14,1181,1181,533
2698,2022-10-26,2023-11-01,15,1689,1689,541
2712,2022-07-05,2023-10-23,23,1771,1771,510
2719,2022-10-08,2025-07-12,19,1507,1507,520
2450,2022-04-04,2024-02-03,16,1225,1225,524
2454,2021-12-24,2025-06-26,21,1371,1371,527
2072,2022-08-03,2025-08-30,24,1390,1390,529
2330,2022-05-10,2023-12-17,18,2315,2315,501
2543,2021-11-16,2024-03-10,23,2299,2299,545
2788,2021-12-23,2025-09-15,16,1507,1507,549
2325,2023-01-09,2025-01-17,22,1236,1236,544
2761,2023-08-20,2024-01-08,16,1747,1747,545
2137,2022-09-28,2023-10-25,23,1944,1944,502
2150,2022-02-19,2024-04-05,24,2054,2054,544
2789,2022-04-08,2025-03-06,12,1877,1877,545
2232,2021-12-03,2024-06-02,6,1225,1225,512
2397,2023-09-06,2025-02-27,21,2442,2442,545
2825,2023-04-01,2025-01-11,13,2139,2139,526
2002,2022-01-19,2025-04-24,22,1642,1642,527
2176,2022-06-18,2025-06-14,24,2164,2164,537
2617,2023-07-04,2024-01-23,8,2280,2280,512
2188,2022-03-23,2023-11-10,8,1285,1285,535
2751,2021-09-19,2024-09-14,21,1575,1575,536
2256,2022-07-17,2024-01-10,23,1501,1501,517
2194,2022-06-19,2023-11-13,20,1933,1933,512
2952,2023-03-31,2025-02-27,20,2352,2352,521
2363,2023-05-06,2024-12-06,23,1524,1524,532
2037,2022-01-22,2025-03-25,23,2135,2135,530
2038,2022-01-02,2024-04-21,12,1575,1575,502
2640,2023-06-21,2025-03-22,17,2170,2170,537
2693,2022-10-15,2024-11-19,19,1846,1846,516
2236,2022-01-16,2025-05-10,11,2109,2109,531
2287,2022-05-21,2024-08-07,6,2206,2206,511
2320,2022-10-08,2024-09-18,12,2245,2245,516
2218,2021-11-20,2024-10-09,16,2122,2122,505
2233,2022-03-22,2025-07-04,18,1976,1976,549
2813,2022-05-06,2025-01-13,8,2381,2381,527
2148,2023-07-05,2025-07-08,20,2033,2033,529
2612,2023-04-02,2024-08-25,8,1444,1444,522
2749,2022-08-11,2025-02-09,23,2177,2177,516
2229,2021-10-10,2025-05-14,6,2024,2024,526
2054,2022-05-15,2024-06-17,7,1180,1180,532
2138,2023-09-08,2023-11-12,19,1517,1517,545
2646,2022-03-26,2023-10-26,13,1104,1104,516
2944,2022-09-22,2024-08-13,23,1248,1248,536
2255,2022-02-06,2025-04-26,12,1752,1752,514
2012,2022-02-17,2025-04-28,17,1351,1351,537
2830,2023-07-11,2025-04-04,6,2444,2444,507
2554,2021-12-03,2023-09-22,22,1040,1040,534
2043,2022-03-07,2023-12-16,16,2346,2346,510
2685,2022-10-10,2024-05-01,19,2340,2340,525
2499,2022-12-22,2024-08-22,10,2111,2111,530
2179,2023-06-19,2024-05-16,11,1451,1451,534
2724,2022-04-23,2025-08-03,6,1765,1765,537
2143,2022-03-09,2025-09-16,6,2307,2307,522
2762,2022-04-18,2025-05-25,11,1661,1661,526
2110,2022-01-15,2024-07-07,13,2029,2029,547
2741,2022-11-03,2024-08-07,22,1452,1452,502
2936,2021-11-01,2025-03-12,14,1219,1219,541
2298,2021-11-27,2024-04-22,21,1547,1547,537
2555,2023-07-11,2024-12-26,22,1710,1710,548
2281,2022-01-10,2024-05-14,17,1336,1336,516
2419,2022-03-07,2025-02-23,21,1092,1092,502
2221,2023-01-23,2023-10-27,19,1152,1152,506
2447,2022-11-11,2024-12-26,12,1385,1385,528
2382,2023-08-01,2024-06-01,10,1777,1777,542
2776,2021-12-29,2024-01-05,10,1493,1493,533
2804,2022-08-06,2024-12-29,23,1337,1337,536
2473,2023-09-02,2025-01-27,6,1164,1164,527
2871,2023-01-24,2025-03-29,7,1890,1890,525
2748,2023-05-24,2024-05-19,19,1222,1222,544
2625,2021-12-29,2024-11-14,8,2233,2233,550
2681,2023-01-27,2024-04-02,6,1970,1970,508
2607,2021-12-29,2025-04-27,10,1152,1152,548
2428,2021-10-22,2025-05-31,11,1433,1433,505
2100,2021-12-21,2024-01-18,23,1796,1796,530
2074,2023-03-18,2025-02-18,16,2499,2499,505
2898,2022-09-01,2024-06-18,9,1134,1134,505
2258,2022-02-25,2023-11-12,22,1142,1142,520
2378,2021-09-25,2024-11-21,12,2124,2124,531
2350,2023-04-13,2024-08-29,22,1924,1924,531
2973,2022-11-18,2025-09-05,13,2104,2104,543
2336,2023-07-18,2024-09-26,10,2057,2057,506
2348,2021-11-21,2024-02-21,24,2368,2368,509
2367,2021-10-03,2024-09-07,19,1753,1753,506
2728,2023-02-27,2025-03-31,7,2306,2306,517
2982,2021-12-03,2025-06-13,6,1605,1605,546
2250,2022-01-31,2025-02-12,23,1511,1511,550
2884,2023-09-09,2024-02-14,21,2250,2250,548
2295,2023-01-15,2025-05-16,13,2082,2082,530
2178,2022-02-15,2024-10-08,23,1525,1525,531
2608,2022-11-28,2025-08-18,18,1294,1294,523
2873,2022-12-11,2025-02-25,15,1310,1310,518
2344,2023-01-11,2025-05-21,21,1785,1785,536
2900,2023-06-19,2025-08-18,8,2292,2292,538
2987,2022-09-16,2024-07-07,8,2500,2500,544
2593,2022-12-25,2024-05-06,12,1298,1298,515
2790,2023-05-12,2025-07-18,13,2309,2309,540
2213,2023-06-20,2024-06-29,6,1142,1142,529
2664,2022-05-28,2025-01-13,9,2489,2489,542
2574,2023-01-17,2025-09-02,22,1682,1682,512
2989,2022-08-07,2025-03-26,7,1570,1570,548
2647,2021-12-14,2024-03-12,22,1441,1441,515
2743,2022-10-12,2024-10-05,23,1766,1766,527
2014,2022-11-30,2024-12-23,17,1938,1938,523
2391,2022-01-15,2025-01-18,8,1283,1283,540
2415,2022-02-18,2024-11-04,15,1688,1688,529
2930,2023-06-15,2024-08-18,14,2013,2013,526
2966,2021-10-21,2025-08-28,7,2050,2050,512
2332,2023-09-02,2023-09-20,15,1304,1304,511
2948,2022-08-31,2025-02-10,14,2198,2198,522
2856,2022-07-29,2024-05-04,21,2201,2201,549
2953,2023-07-19,2024-07-03,7,1100,1100,502
2329,2022-08-20,2024-12-06,9,2291,2291,505
2208,2022-05-12,2024-06-23,8,1550,1550,517
2970,2023-01-14,2024-07-19,10,2468,2468,546
2895,2022-06-14,2024-02-18,22,2075,2075,547
2576,2022-04-17,2024-03-24,24,1743,1743,549
2294,2022-01-13,2025-05-28,7,1510,1510,528
2596,2023-06-04,2025-04-02,8,1942,1942,513
2343,2022-05-28,2023-11-06,14,1928,1928,510
2259,2022-02-17,2025-08-09,15,1337,1337,533
2950,2023-05-23,2024-07-07,19,2172,2172,506
2868,2022-06-05,2024-06-12,22,1360,1360,517
2158,2023-02-09,2025-07-07,7,1558,1558,543
2956,2023-07-16,2024-08-08,22,2393,2393,532
2738,2022-01-02,2024-07-16,16,1996,1996,538
2877,2023-08-22,2023-10-01,11,1567,1567,546
2731,2022-10-22,2025-01-19,14,2316,2316,516
2667,2022-01-09,2025-05-13,21,2321,2321,537
2894,2022-01-03,2023-09-27,11,1345,1345,523
2682,2021-11-17,2025-03-09,22,1975,1975,506
2434,2023-09-18,2025-02-27,9,1053,1053,506
2600,2021-10-16,2024-09-27,11,1154,1154,535
2413,2023-04-29,2025-03-08,11,1524,1524,513
2333,2022-02-04,2024-12-03,20,1992,1992,542
2878,2023-05-10,2025-06-17,18,1989,1989,504
2289,2023-08-17,2025-03-30,17,1710,1710,548
2008,2023-04-06,2024-05-27,13,1725,1725,535
2796,2022-07-18,2023-11-05,17,1727,1727,530
2935,2022-12-27,2025-02-14,20,1931,1931,529
2511,2023-05-13,2024-10-16,23,2016,2016,501
2353,2022-11-13,2024-02-01,22,2229,2229,519
2323,2021-11-09,2025-07-26,21,1556,1556,534
2076,2021-10-01,2024-08-10,14,1914,1914,509
2393,2023-07-29,2024-07-23,23,1236,1236,515
2141,2022-05-30,2024-12-02,24,2142,2142,513
2886,2023-07-20,2024-12-08,24,1733,1733,531
2187,2022-11-10,2025-07-11,8,1055,1055,545
2156,2022-09-22,2025-04-10,22,1247,1247,545
2488,2022-11-04,2024-11-04,16,1604,1604,503
2103,2021-12-07,2023-12-06,14,2048,2048,533
2005,2022-03-26,2025-02-24,10,1734,1734,545
2401,2021-12-26,2024-07-19,9,1738,1738,522
2375,2022-04-02,2024-02-14,18,1024,1024,507
2850,2023-03-02,2024-07-03,12,2457,2457,547
2631,2022-06-27,2023-10-26,18,2039,2039,546
2108,2022-05-25,2025-08-06,23,1341,1341,539
2357,2023-02-17,2024-02-03,10,2431,2431,509
2286,2023-08-27,2024-08-30,12,1174,1174,519
2058,2022-07-01,2024-06-27,11,1449,1449,531
2819,2023-04-21,2023-12-27,23,1235,1235,525
2196,2022-06-27,2025-06-28,11,1163,1163,537
2006,2023-01-09,2025-04-26,7,1635,1635,522
2190,2023-05-05,2025-01-25,16,2026,2026,537
2205,2021-12-07,2023-10-12,24,2169,2169,549
2527,2022-05-13,2025-03-09,8,1076,1076,513
2394,2022-02-08,2024-11-20,6,1490,1490,508
2855,2023-02-09,2025-08-06,17,1191,1191,550
2169,2022-01-02,2024-09-06,20,1406,1406,538
2185,2023-02-03,2024-07-06,16,1924,1924,527
2243,2022-05-16,2024-11-07,21,2400,2400,522
2272,2022-09-20,2023-11-07,17,1625,1625,512
2399,2023-02-14,2025-04-15,12,2312,2312,526
2837,2022-04-27,2024-08-04,23,1772,1772,517
2908,2022-10-08,2024-02-25,16,2422,2422,547
2463,2022-01-10,2025-07-07,14,1843,1843,547
2808,2021-12-02,2024-05-29,23,1564,1564,522
2189,2022-11-12,2023-11-10,16,1733,1733,513
2489,2022-04-30,2025-07-01,8,2408,2408,520
2398,2021-12-25,2023-09-24,22,2155,2155,539
2001,2022-04-25,2025-09-16,15,1418,1418,545
2395,2023-04-25,2025-01-26,9,1985,1985,536
2676,2021-11-10,2025-06-25,8,2220,2220,520
2062,2021-10-19,2023-10-29,10,2038,2038,518
2175,2023-04-18,2025-04-13,11,1862,1862,538
2034,2023-05-17,2025-05-08,12,1787,1787,527
2327,2023-08-03,2025-07-02,23,2416,2416,542
2778,2022-07-17,2024-01-06,18,1144,1144,547
2359,2023-08-18,2023-12-18,24,1665,1665,548
2985,2023-03-08,2024-01-18,6,2328,2328,504
2674,2022-04-12,2025-08-28,18,2400,2400,509
2053,2022-05-11,2024-08-26,22,1835,1835,509
2726,2023-08-28,2025-05-23,24,2451,2451,503
2448,2023-03-03,2025-09-01,11,1879,1879,514
2975,2023-08-08,2024-02-17,17,1034,1034,530
2756,2021-09-29,2024-02-08,15,1362,1362,518
2270,2022-11-03,2024-03-15,16,1021,1021,540
2782,2022-09-11,2024-02-10,24,1376,1376,517
2791,2021-11-11,2024-07-26,21,1309,1309,519
2932,2023-01-20,2024-08-21,19,1802,1802,546
2579,2021-11-30,2025-08-27,22,2462,2462,533
2105,2023-03-17,2023-09-23,9,1346,1346,524
2522,2022-02-28,2025-03-06,19,1599,1599,502
2710,2022-12-21,2024-08-14,23,1702,1702,550
2219,2021-10-24,2024-03-15,6,1599,1599,509
2592,2022-12-05,2025-03-14,17,1512,1512,516
2805,2021-10-02,2023-12-03,16,1187,1187,544
2036,2022-11-07,2024-04-24,23,2469,2469,532
2436,2022-09-05,2024-11-19,20,1474,1474,544
2638,2023-01-04,2024-10-17,12,2190,2190,506
2834,2021-09-18,2024-04-02,21,2281,2281,536
2635,2022-03-11,2023-11-19,21,1907,1907,508
2308,2023-02-08,2024-01-04,16,1217,1217,509
2432,2023-08-16,2025-01-24,9,1344,1344,522
2173,2023-09-06,2024-07-21,10,1918,1918,542
2962,2023-06-30,2024-08-04,17,1200,1200,525
2244,2022-04-30,2023-10-01,18,1289,1289,519
2563,2023-07-28,2024-12-02,23,1088,1088,539
2836,2023-09-14,2023-10-18,12,1991,1991,507
2007,2023-01-09,2025-05-20,9,1654,1654,538
2623,2022-05-30,2025-01-10,22,1908,1908,541
2339,2022-08-28,2025-09-01,13,2330,2330,504
2165,2023-02-08,2024-03-14,8,1919,1919,534
2067,2022-12-29,2023-11-01,11,2395,2395,521
2301,2021-10-06,2024-10-14,13,1169,1169,531
2273,2022-02-20,2025-01-14,10,1986,1986,504
2659,2022-01-11,2024-08-27,21,2138,2138,526
2285,2023-08-05,2024-05-13,20,1876,1876,547
2540,2023-01-04,2024-08-01,13,2455,2455,512
2990,2022-12-12,2024-09-30,9,1768,1768,533
2533,2021-11-30,2025-05-09,22,1554,1554,506
2279,2022-03-22,2023-10-07,13,1122,1122,542
2890,2022-06-19,2024-12-21,15,1205,1205,542
2509,2022-07-11,2024-07-04,18,2236,2236,544
2669,2023-07-17,2023-10-16,8,2479,2479,540
2933,2023-07-31,2025-04-29,17,1676,1676,545
2031,2022-07-27,2024-11-24,11,2429,2429,515
2274,2022-08-26,2023-11-14,15,1034,1034,539
2656,2023-02-28,2024-09-22,11,1150,1150,531
2940,2023-04-10,2023-12-21,10,1974,1974,505
2070,2023-09-12,2024-06-16,17,1223,1223,547
2984,2022-06-14,2025-09-13,23,1776,1776,544
2240,2021-12-12,2025-09-17,15,2419,2419,526
2433,2022-06-28,2024-11-06,6,2156,2156,543
